id,first_name,last_name,email,gender,ip_address
1,Gerald,Peterson,gpeterson0@lycos.com,Male,186.67.238.3
2,Joseph,Anderson,janderson1@pinterest.com,Male,147.253.130.0
3,Nicole,Payne,npayne2@state.tx.us,Female,166.77.51.89
4,Frank,Simpson,fsimpson3@elpais.com,Male,79.86.117.215
5,Lawrence,Daniels,ldaniels4@psu.edu,Male,39.123.155.217
6,Jennifer,Hawkins,jhawkins5@bravesites.com,Female,164.141.88.143
7,Douglas,James,djames6@behance.net,Male,85.167.121.84
8,Matthew,Hart,mhart7@ycombinator.com,Male,175.252.57.3
9,Dennis,Daniels,ddaniels8@histats.com,Male,251.115.212.136
10,Willie,Burton,wburton9@biblegateway.com,Male,100.54.174.45
11,Tammy,Brown,tbrowna@dailymotion.com,Female,249.61.74.126
12,Alice,Day,adayb@fotki.com,Female,166.34.190.179
13,Matthew,Henry,mhenryc@eepurl.com,Male,192.244.75.103
14,Ralph,Carpenter,rcarpenterd@wufoo.com,Male,110.47.238.30
15,Carolyn,Hudson,chudsone@wikimedia.org,Female,72.188.159.5
16,Samuel,Banks,sbanksf@jimdo.com,Male,43.24.51.77
17,Arthur,Hernandez,ahernandezg@gravatar.com,Male,49.244.140.228
18,Martha,Martinez,mmartinezh@discovery.com,Female,38.130.242.87
19,Robin,Green,rgreeni@senate.gov,Female,253.77.132.199
20,Martha,Duncan,mduncanj@ning.com,Female,66.220.167.90
21,Kelly,Boyd,kboydk@example.com,Female,187.166.90.239
22,Virginia,Riley,vrileyl@techcrunch.com,Female,229.28.72.216
23,Clarence,Black,cblackm@sphinn.com,Male,85.225.226.181
24,Kathy,Holmes,kholmesn@mtv.com,Female,18.148.222.114
25,Carol,Gilbert,cgilberto@prweb.com,Female,85.202.171.186
26,Roger,Fields,rfieldsp@skype.com,Male,7.231.19.2
27,Dorothy,Long,dlongq@java.com,Female,22.103.30.192
28,Janice,Wallace,jwallacer@constantcontact.com,Female,194.56.115.66
29,Henry,Gutierrez,hgutierrezs@lulu.com,Male,155.70.177.202
30,Clarence,Griffin,cgriffint@state.tx.us,Male,183.25.87.229
31,Tammy,Jackson,tjacksonu@php.net,Female,69.187.214.252
32,Donna,Moreno,dmorenov@hhs.gov,Female,207.57.33.125
33,Phillip,Duncan,pduncanw@bandcamp.com,Male,194.30.232.16
34,Stephen,Sims,ssimsx@nba.com,Male,60.70.150.97
35,Jonathan,Hamilton,jhamiltony@bizjournals.com,Male,141.23.54.77
36,Donna,Stephens,dstephensz@apple.com,Female,45.233.152.137
37,Edward,Willis,ewillis10@chronoengine.com,Male,239.217.126.65
38,Jerry,Rogers,jrogers11@multiply.com,Male,129.108.27.217
39,Andrea,Thompson,athompson12@marketwatch.com,Female,2.75.2.106
40,Raymond,Jones,rjones13@nih.gov,Male,91.62.57.0
41,Jonathan,Griffin,jgriffin14@wiley.com,Male,212.39.87.123
42,Lori,Evans,levans15@list-manage.com,Female,253.169.113.82
43,Billy,Lewis,blewis16@geocities.jp,Male,94.57.92.57
44,Wanda,Powell,wpowell17@tinypic.com,Female,123.223.80.112
45,Philip,Ross,pross18@redcross.org,Male,14.139.27.129
46,Virginia,Fox,vfox19@engadget.com,Female,71.44.59.63
47,Martin,Warren,mwarren1a@jugem.jp,Male,232.171.130.40
48,Frances,Ramos,framos1b@disqus.com,Female,169.202.51.12
49,Johnny,King,jking1c@yellowpages.com,Male,12.125.83.249
50,Lori,Bell,lbell1d@cargocollective.com,Female,207.69.192.177
51,Julia,Elliott,jelliott1e@pcworld.com,Female,37.146.65.60
52,Jessica,King,jking1f@diigo.com,Female,139.166.87.144
53,Albert,Moreno,amoreno1g@shutterfly.com,Male,16.117.149.46
54,Alan,Price,aprice1h@about.me,Male,163.76.44.65
55,Gloria,Smith,gsmith1i@unblog.fr,Female,126.82.61.20
56,Ashley,Harper,aharper1j@gizmodo.com,Female,241.157.255.66
57,Irene,Young,iyoung1k@answers.com,Female,150.200.125.19
58,Amanda,Ford,aford1l@psu.edu,Female,0.54.78.182
59,Johnny,Parker,jparker1m@state.gov,Male,35.129.84.160
60,David,Sims,dsims1n@comsenz.com,Male,29.188.107.215
61,Ashley,Fox,afox1o@blinklist.com,Female,99.83.28.42
62,Gary,Gilbert,ggilbert1p@archive.org,Male,208.79.160.78
63,Maria,Fields,mfields1q@spiegel.de,Female,118.171.45.215
64,Irene,Burke,iburke1r@vinaora.com,Female,208.136.176.233
65,Janice,Ford,jford1s@infoseek.co.jp,Female,156.185.255.95
66,Irene,Hicks,ihicks1t@is.gd,Female,55.2.192.204
67,Elizabeth,Dixon,edixon1u@cpanel.net,Female,47.205.35.88
68,Bonnie,Morgan,bmorgan1v@myspace.com,Female,66.61.33.132
69,Marie,Hunter,mhunter1w@wikipedia.org,Female,2.43.12.172
70,Bonnie,Morgan,bmorgan1x@godaddy.com,Female,79.115.123.244
71,Stephen,Johnston,sjohnston1y@japanpost.jp,Male,240.95.172.0
72,Michael,Hayes,mhayes1z@is.gd,Male,173.6.246.161
73,Harry,George,hgeorge20@arizona.edu,Male,67.173.118.158
74,Elizabeth,Murphy,emurphy21@yandex.ru,Female,241.30.101.156
75,Sandra,Lee,slee22@smh.com.au,Female,80.173.62.153
76,Roy,Bell,rbell23@slideshare.net,Male,44.127.48.213
77,Melissa,Mills,mmills24@dagondesign.com,Female,68.52.177.209
78,Christina,Carter,ccarter25@mtv.com,Female,72.120.168.243
79,Martin,Olson,molson26@example.com,Male,55.239.108.136
80,Norma,Coleman,ncoleman27@businessweek.com,Female,216.216.46.68
81,Amy,Ortiz,aortiz28@gnu.org,Female,65.15.90.39
82,Jason,Edwards,jedwards29@1688.com,Male,157.125.148.12
83,Evelyn,Gilbert,egilbert2a@whitehouse.gov,Female,32.50.133.39
84,Raymond,Thompson,rthompson2b@macromedia.com,Male,215.202.52.252
85,Lawrence,Alexander,lalexander2c@shutterfly.com,Male,6.41.192.182
86,Gloria,Lawson,glawson2d@163.com,Female,112.110.73.42
87,Mildred,Chapman,mchapman2e@is.gd,Female,182.9.52.226
88,Harry,Morales,hmorales2f@imdb.com,Male,130.27.32.1
89,Helen,Armstrong,harmstrong2g@icq.com,Female,63.12.28.56
90,Norma,Shaw,nshaw2h@ycombinator.com,Female,47.14.248.36
91,Harold,Woods,hwoods2i@google.de,Male,233.158.146.67
92,Dennis,Hansen,dhansen2j@cmu.edu,Male,144.9.153.39
93,Denise,Butler,dbutler2k@comsenz.com,Female,42.208.191.93
94,Amanda,Hayes,ahayes2l@boston.com,Female,92.70.210.13
95,Adam,Morrison,amorrison2m@msn.com,Male,116.24.83.41
96,Raymond,Hunter,rhunter2n@columbia.edu,Male,104.57.166.212
97,Jason,Knight,jknight2o@discovery.com,Male,121.165.77.4
98,Karen,King,kking2p@yelp.com,Female,198.41.101.229
99,Cheryl,James,cjames2q@dmoz.org,Female,160.183.127.101
100,Heather,Peters,hpeters2r@newsvine.com,Female,250.235.16.154
101,Anna,Hunter,ahunter2s@privacy.gov.au,Female,160.188.250.209
102,David,Bradley,dbradley2t@cargocollective.com,Male,73.172.33.30
103,Joe,Davis,jdavis2u@mit.edu,Male,64.1.198.56
104,Carlos,Sims,csims2v@canalblog.com,Male,84.144.133.43
105,Deborah,Chavez,dchavez2w@vimeo.com,Female,255.51.208.131
106,John,Garrett,jgarrett2x@trellian.com,Male,128.237.236.249
107,Eugene,Bradley,ebradley2y@amazon.co.jp,Male,226.123.54.208
108,Fred,Larson,flarson2z@squarespace.com,Male,169.25.59.249
109,Virginia,Hart,vhart30@4shared.com,Female,132.70.18.253
110,Ryan,Greene,rgreene31@auda.org.au,Male,56.173.74.64
111,Robert,Perez,rperez32@stanford.edu,Male,111.143.53.169
112,Lawrence,Warren,lwarren33@wordpress.org,Male,19.69.40.184
113,Ruth,Lewis,rlewis34@taobao.com,Female,166.89.70.66
114,Judy,Vasquez,jvasquez35@behance.net,Female,26.41.120.167
115,Gloria,Ford,gford36@posterous.com,Female,107.126.168.250
116,Joshua,Romero,jromero37@cafepress.com,Male,2.12.78.19
117,Julie,Myers,jmyers38@1688.com,Female,229.199.34.3
118,Alice,Castillo,acastillo39@last.fm,Female,25.83.38.104
119,Diane,Gomez,dgomez3a@yahoo.com,Female,100.255.209.79
120,Jean,Reed,jreed3b@e-recht24.de,Female,237.53.94.177
121,Victor,Freeman,vfreeman3c@eepurl.com,Male,240.171.181.154
122,Jeremy,Brooks,jbrooks3d@ebay.com,Male,72.179.159.125
123,Adam,Stanley,astanley3e@joomla.org,Male,47.126.171.110
124,Alan,Anderson,aanderson3f@flavors.me,Male,189.12.220.183
125,Margaret,Dixon,mdixon3g@ucsd.edu,Female,42.128.177.159
126,Cynthia,Reed,creed3h@storify.com,Female,231.188.205.218
127,Kenneth,Rose,krose3i@delicious.com,Male,103.104.216.189
128,Rose,Dixon,rdixon3j@ucoz.com,Female,112.53.195.179
129,Steve,Rivera,srivera3k@delicious.com,Male,164.214.251.182
130,Shawn,Bennett,sbennett3l@sciencedirect.com,Male,78.31.106.149
131,Alice,Reyes,areyes3m@ox.ac.uk,Female,161.113.41.155
132,James,Murphy,jmurphy3n@bloglines.com,Male,199.115.112.209
133,Lisa,Knight,lknight3o@comcast.net,Female,109.127.180.110
134,Eugene,Foster,efoster3p@imageshack.us,Male,139.228.55.88
135,Bonnie,Webb,bwebb3q@washingtonpost.com,Female,77.201.242.254
136,Billy,Austin,baustin3r@canalblog.com,Male,48.166.95.35
137,Pamela,Gray,pgray3s@businessweek.com,Female,174.75.228.29
138,Denise,Ray,dray3t@mlb.com,Female,99.244.146.72
139,Christina,Reid,creid3u@alibaba.com,Female,248.70.224.145
140,Martha,Knight,mknight3v@wiley.com,Female,19.126.198.215
141,Cynthia,Moreno,cmoreno3w@clickbank.net,Female,114.108.231.191
142,Mildred,Jenkins,mjenkins3x@barnesandnoble.com,Female,219.245.123.223
143,Anne,Reynolds,areynolds3y@hubpages.com,Female,110.101.146.169
144,Nancy,Brown,nbrown3z@imdb.com,Female,146.124.79.31
145,Margaret,Gomez,mgomez40@un.org,Female,244.251.33.6
146,Steve,Hernandez,shernandez41@accuweather.com,Male,20.63.223.157
147,John,Cox,jcox42@com.com,Male,50.160.25.93
148,Antonio,Crawford,acrawford43@mediafire.com,Male,119.216.8.119
149,Albert,Ramos,aramos44@1688.com,Male,35.190.100.224
150,Deborah,Washington,dwashington45@amazonaws.com,Female,217.251.41.0
151,Diana,Rodriguez,drodriguez46@a8.net,Female,84.233.200.200
152,Robert,Cunningham,rcunningham47@scientificamerican.com,Male,164.69.208.121
153,Michael,West,mwest48@phoca.cz,Male,236.187.238.107
154,Gary,Thomas,gthomas49@soundcloud.com,Male,114.186.111.20
155,James,Burton,jburton4a@globo.com,Male,193.22.180.36
156,Amanda,Vasquez,avasquez4b@nyu.edu,Female,236.192.233.152
157,Eric,Kim,ekim4c@redcross.org,Male,190.194.194.243
158,Wanda,Murphy,wmurphy4d@mediafire.com,Female,169.126.213.122
159,Willie,Gutierrez,wgutierrez4e@mysql.com,Male,80.81.36.209
160,Stephen,Brown,sbrown4f@techcrunch.com,Male,87.51.51.236
161,Diane,Knight,dknight4g@intel.com,Female,114.71.154.46
162,Donna,Rodriguez,drodriguez4h@sciencedaily.com,Female,36.104.101.187
163,Adam,White,awhite4i@geocities.com,Male,152.156.107.161
164,Jacqueline,Morgan,jmorgan4j@theglobeandmail.com,Female,145.93.70.240
165,Raymond,Williamson,rwilliamson4k@ameblo.jp,Male,99.42.159.97
166,Karen,Martin,kmartin4l@ted.com,Female,254.100.69.86
167,Johnny,Nichols,jnichols4m@twitpic.com,Male,196.202.74.137
168,Sarah,Mitchell,smitchell4n@furl.net,Female,173.144.154.225
169,Rose,Morales,rmorales4o@washingtonpost.com,Female,115.4.64.100
170,Gerald,Smith,gsmith4p@ft.com,Male,108.224.195.47
171,Christine,Austin,caustin4q@1und1.de,Female,218.234.84.75
172,Gregory,Kim,gkim4r@woothemes.com,Male,201.108.248.152
173,Rachel,Montgomery,rmontgomery4s@webmd.com,Female,33.65.76.26
174,Deborah,Wheeler,dwheeler4t@weibo.com,Female,113.109.222.55
175,Sean,Harrison,sharrison4u@mayoclinic.com,Male,83.33.226.206
176,Betty,Anderson,banderson4v@admin.ch,Female,31.197.7.137
177,Roger,Rice,rrice4w@census.gov,Male,88.154.75.174
178,Marilyn,Rogers,mrogers4x@google.nl,Female,217.9.97.7
179,Walter,Watkins,wwatkins4y@hp.com,Male,140.36.127.145
180,Lillian,Collins,lcollins4z@house.gov,Female,124.6.51.200
181,Phyllis,Mendoza,pmendoza50@theglobeandmail.com,Female,107.23.28.67
182,Laura,Lane,llane51@1und1.de,Female,32.104.36.62
183,Gregory,Lewis,glewis52@livejournal.com,Male,201.84.57.192
184,Craig,Wilson,cwilson53@nih.gov,Male,239.247.51.170
185,Linda,Mitchell,lmitchell54@wikimedia.org,Female,168.19.36.37
186,Samuel,Freeman,sfreeman55@ucoz.ru,Male,184.241.91.88
187,Joan,Brooks,jbrooks56@chronoengine.com,Female,188.159.145.63
188,Ann,Jones,ajones57@jugem.jp,Female,223.178.235.193
189,Brandon,Day,bday58@discovery.com,Male,177.158.138.24
190,Robin,Richardson,rrichardson59@360.cn,Female,90.54.174.104
191,Janice,Jones,jjones5a@businessweek.com,Female,105.137.170.236
192,Lillian,Crawford,lcrawford5b@dailymail.co.uk,Female,93.227.162.59
193,Donna,Harper,dharper5c@msn.com,Female,66.141.126.128
194,Larry,Marshall,lmarshall5d@ox.ac.uk,Male,100.80.118.110
195,Stephanie,Miller,smiller5e@nytimes.com,Female,131.112.41.247
196,Judith,Richardson,jrichardson5f@ted.com,Female,85.168.246.155
197,Mildred,Lee,mlee5g@facebook.com,Female,241.39.86.136
198,Fred,Morris,fmorris5h@hp.com,Male,255.157.195.38
199,Roger,Price,rprice5i@t-online.de,Male,75.170.41.207
200,Lori,Gibson,lgibson5j@simplemachines.org,Female,9.170.153.26
201,Kathryn,Gonzales,kgonzales5k@biblegateway.com,Female,192.235.22.165
202,Janice,Burton,jburton5l@youtu.be,Female,195.57.137.188
203,Joshua,Smith,jsmith5m@simplemachines.org,Male,35.248.70.71
204,Debra,Perez,dperez5n@census.gov,Female,203.202.153.52
205,Roger,Henderson,rhenderson5o@i2i.jp,Male,166.253.12.104
206,Justin,Torres,jtorres5p@blinklist.com,Male,49.23.6.132
207,Louis,Perez,lperez5q@latimes.com,Male,41.58.127.60
208,Marie,Grant,mgrant5r@odnoklassniki.ru,Female,181.236.169.177
209,Harold,Lynch,hlynch5s@odnoklassniki.ru,Male,32.45.102.211
210,Donald,Fowler,dfowler5t@yelp.com,Male,118.228.160.33
211,Juan,Sullivan,jsullivan5u@samsung.com,Male,245.157.51.3
212,Victor,Adams,vadams5v@technorati.com,Male,17.121.193.223
213,Ryan,Kelly,rkelly5w@princeton.edu,Male,241.48.147.249
214,Steven,Carpenter,scarpenter5x@apache.org,Male,250.86.90.245
215,Janice,Stanley,jstanley5y@ucsd.edu,Female,254.31.177.26
216,Jason,Fernandez,jfernandez5z@vimeo.com,Male,241.245.157.125
217,Mark,Mccoy,mmccoy60@go.com,Male,87.15.72.106
218,Amy,Alexander,aalexander61@java.com,Female,178.160.139.52
219,Stephanie,Knight,sknight62@dell.com,Female,186.69.118.235
220,Bruce,Knight,bknight63@drupal.org,Male,15.92.49.137
221,Louis,Garrett,lgarrett64@weibo.com,Male,7.185.13.253
222,Marie,Black,mblack65@blogtalkradio.com,Female,121.208.80.159
223,Dorothy,Mitchell,dmitchell66@bloglovin.com,Female,219.47.99.161
224,Brenda,Brooks,bbrooks67@yandex.ru,Female,154.76.150.168
225,Judith,Hall,jhall68@time.com,Female,145.161.16.23
226,Thomas,Washington,twashington69@technorati.com,Male,9.105.116.69
227,Joyce,Holmes,jholmes6a@va.gov,Female,134.124.57.26
228,Roy,Sanchez,rsanchez6b@fda.gov,Male,214.106.68.38
229,Catherine,Gray,cgray6c@topsy.com,Female,253.87.110.52
230,Harry,Carroll,hcarroll6d@photobucket.com,Male,223.73.56.104
231,Henry,Cole,hcole6e@google.com,Male,23.247.145.241
232,Carlos,Griffin,cgriffin6f@liveinternet.ru,Male,58.32.195.136
233,Jeremy,Howard,jhoward6g@japanpost.jp,Male,255.187.87.140
234,Charles,Sullivan,csullivan6h@nps.gov,Male,162.0.77.239
235,Michael,Berry,mberry6i@sakura.ne.jp,Male,40.139.88.157
236,Nicole,Gilbert,ngilbert6j@state.gov,Female,206.104.178.126
237,Carolyn,Stewart,cstewart6k@pagesperso-orange.fr,Female,47.75.66.5
238,Kelly,Williams,kwilliams6l@epa.gov,Female,195.23.205.136
239,Roy,Morris,rmorris6m@deviantart.com,Male,88.83.78.144
240,Anthony,Oliver,aoliver6n@people.com.cn,Male,205.151.173.92
241,Ernest,Welch,ewelch6o@free.fr,Male,174.73.91.226
242,Kelly,Chavez,kchavez6p@icq.com,Female,223.235.161.14
243,Tina,Moore,tmoore6q@whitehouse.gov,Female,162.34.207.184
244,Susan,Richardson,srichardson6r@phpbb.com,Female,94.67.161.219
245,Wanda,Cruz,wcruz6s@nytimes.com,Female,189.16.22.106
246,Philip,Thompson,pthompson6t@wp.com,Male,66.118.62.101
247,Jack,Dixon,jdixon6u@bbc.co.uk,Male,17.160.94.227
248,Kathryn,Burns,kburns6v@cisco.com,Female,26.100.44.6
249,Patricia,Richards,prichards6w@europa.eu,Female,242.26.188.245
250,Carolyn,Scott,cscott6x@4shared.com,Female,124.120.102.99
251,Sean,Mitchell,smitchell6y@youtube.com,Male,203.47.135.175
252,Heather,Diaz,hdiaz6z@diigo.com,Female,82.43.106.160
253,Andrea,Hawkins,ahawkins70@narod.ru,Female,7.99.184.81
254,Timothy,Garcia,tgarcia71@ucoz.com,Male,223.124.184.223
255,Joe,Rodriguez,jrodriguez72@mysql.com,Male,84.117.203.240
256,Melissa,Romero,mromero73@skype.com,Female,41.161.199.44
257,Bonnie,Daniels,bdaniels74@booking.com,Female,13.137.177.243
258,Ashley,Weaver,aweaver75@edublogs.org,Female,237.69.232.154
259,Johnny,Collins,jcollins76@usatoday.com,Male,84.240.28.151
260,Jean,Williamson,jwilliamson77@twitpic.com,Female,90.155.157.250
261,Carl,Ryan,cryan78@fc2.com,Male,53.41.16.39
262,Jeremy,Richardson,jrichardson79@vinaora.com,Male,243.130.161.113
263,Antonio,Brooks,abrooks7a@free.fr,Male,105.178.114.169
264,Russell,Hall,rhall7b@apple.com,Male,18.207.102.221
265,Jonathan,Hanson,jhanson7c@umich.edu,Male,11.77.126.170
266,Scott,Palmer,spalmer7d@census.gov,Male,34.134.89.131
267,Lillian,Bryant,lbryant7e@smugmug.com,Female,148.249.196.9
268,Karen,Roberts,kroberts7f@un.org,Female,233.113.237.186
269,Jason,Williams,jwilliams7g@webnode.com,Male,238.167.27.33
270,Frank,Harvey,fharvey7h@constantcontact.com,Male,143.15.223.120
271,Bonnie,Gibson,bgibson7i@trellian.com,Female,177.189.244.87
272,Doris,Stewart,dstewart7j@phpbb.com,Female,144.149.120.58
273,Paul,Larson,plarson7k@jugem.jp,Male,0.189.227.94
274,Aaron,Chapman,achapman7l@people.com.cn,Male,58.153.163.229
275,Donna,Riley,driley7m@timesonline.co.uk,Female,158.248.226.200
276,Melissa,Morgan,mmorgan7n@ucoz.ru,Female,234.133.238.251
277,Kelly,Torres,ktorres7o@paypal.com,Female,15.128.228.38
278,Deborah,Moreno,dmoreno7p@deviantart.com,Female,120.170.129.213
279,Amy,Welch,awelch7q@4shared.com,Female,248.99.74.203
280,Joseph,Parker,jparker7r@blogtalkradio.com,Male,213.133.24.37
281,Elizabeth,Kennedy,ekennedy7s@lycos.com,Female,11.38.5.152
282,Jennifer,Fields,jfields7t@vimeo.com,Female,246.102.3.239
283,Norma,Spencer,nspencer7u@twitpic.com,Female,57.84.29.231
284,Juan,Williamson,jwilliamson7v@addtoany.com,Male,141.146.147.141
285,Beverly,Morales,bmorales7w@sciencedaily.com,Female,35.215.235.151
286,Martin,Montgomery,mmontgomery7x@linkedin.com,Male,76.127.195.0
287,Mary,Fowler,mfowler7y@archive.org,Female,15.227.123.254
288,Jennifer,Crawford,jcrawford7z@yale.edu,Female,63.58.6.195
289,Justin,Howell,jhowell80@cbsnews.com,Male,240.219.160.28
290,Lisa,Lopez,llopez81@unesco.org,Female,185.201.160.118
291,Linda,Price,lprice82@cocolog-nifty.com,Female,174.0.121.208
292,Mark,Reed,mreed83@bbc.co.uk,Male,195.87.227.162
293,Cynthia,Jenkins,cjenkins84@scribd.com,Female,131.254.162.101
294,Paul,Coleman,pcoleman85@noaa.gov,Male,210.58.102.61
295,Kevin,Kelly,kkelly86@illinois.edu,Male,239.210.86.251
296,Gerald,Dean,gdean87@mac.com,Male,115.137.235.105
297,Martin,Morales,mmorales88@howstuffworks.com,Male,234.62.41.232
298,Rachel,Owens,rowens89@163.com,Female,147.65.240.113
299,Amy,Burns,aburns8a@blog.com,Female,184.159.48.14
300,Beverly,Murray,bmurray8b@wikimedia.org,Female,147.108.225.192
301,Amanda,Greene,agreene8c@tripod.com,Female,160.122.228.199
302,Theresa,Hunt,thunt8d@house.gov,Female,21.107.20.78
303,Kathy,Stanley,kstanley8e@tiny.cc,Female,237.91.101.202
304,Betty,Walker,bwalker8f@ihg.com,Female,155.200.227.129
305,Juan,Freeman,jfreeman8g@nps.gov,Male,27.94.77.171
306,Carolyn,Wells,cwells8h@cdbaby.com,Female,253.234.45.111
307,Steve,Patterson,spatterson8i@hhs.gov,Male,64.137.134.232
308,William,Gilbert,wgilbert8j@pagesperso-orange.fr,Male,43.84.183.58
309,Jacqueline,Myers,jmyers8k@dailymotion.com,Female,229.136.52.46
310,Norma,Peterson,npeterson8l@google.es,Female,118.192.115.26
311,Antonio,Franklin,afranklin8m@com.com,Male,253.71.167.160
312,Martha,Perry,mperry8n@ibm.com,Female,193.43.133.251
313,Gerald,Castillo,gcastillo8o@nasa.gov,Male,141.111.193.71
314,Carol,Stewart,cstewart8p@census.gov,Female,45.217.218.95
315,Amanda,Ford,aford8q@vinaora.com,Female,157.123.139.134
316,Timothy,Gilbert,tgilbert8r@mozilla.com,Male,231.196.127.236
317,Clarence,Ramirez,cramirez8s@clickbank.net,Male,254.129.36.31
318,Dorothy,Ryan,dryan8t@stanford.edu,Female,254.105.164.240
319,Brandon,Cunningham,bcunningham8u@google.fr,Male,143.68.75.131
320,Debra,Ray,dray8v@jigsy.com,Female,147.237.115.172
321,Janet,Burton,jburton8w@goo.gl,Female,220.211.222.135
322,Stephen,Brown,sbrown8x@newyorker.com,Male,157.184.90.109
323,Carlos,Gutierrez,cgutierrez8y@pagesperso-orange.fr,Male,156.114.247.242
324,Kelly,Jackson,kjackson8z@comcast.net,Female,191.158.143.174
325,Thomas,Bell,tbell90@theguardian.com,Male,74.100.176.121
326,Shirley,Sanders,ssanders91@blog.com,Female,11.214.7.205
327,George,Lynch,glynch92@arizona.edu,Male,193.63.220.155
328,Wayne,Murphy,wmurphy93@mtv.com,Male,132.37.186.109
329,Jacqueline,Mason,jmason94@comcast.net,Female,119.156.127.25
330,Rose,Sanchez,rsanchez95@abc.net.au,Female,77.58.209.69
331,Jerry,Mills,jmills96@timesonline.co.uk,Male,229.1.27.236
332,Roger,Hunter,rhunter97@epa.gov,Male,37.132.68.64
333,Carol,Adams,cadams98@cbc.ca,Female,48.179.30.91
334,Mark,Mcdonald,mmcdonald99@cocolog-nifty.com,Male,92.62.43.206
335,Robin,Bailey,rbailey9a@forbes.com,Female,43.129.228.111
336,Amy,Fields,afields9b@google.co.jp,Female,141.6.148.76
337,Charles,Smith,csmith9c@topsy.com,Male,1.254.98.195
338,Teresa,Ferguson,tferguson9d@github.com,Female,107.92.10.19
339,Deborah,Kim,dkim9e@zdnet.com,Female,111.133.156.57
340,Andrea,Banks,abanks9f@paginegialle.it,Female,3.202.66.129
341,Adam,Ward,award9g@oakley.com,Male,36.73.145.48
342,Harold,Johnston,hjohnston9h@google.co.uk,Male,162.49.53.173
343,Victor,Mcdonald,vmcdonald9i@apple.com,Male,50.216.15.102
344,Justin,Peterson,jpeterson9j@instagram.com,Male,186.40.238.54
345,Jimmy,Stephens,jstephens9k@icq.com,Male,101.94.193.5
346,Anne,Evans,aevans9l@prweb.com,Female,249.253.32.97
347,Donald,Armstrong,darmstrong9m@mlb.com,Male,205.231.104.144
348,Willie,Fields,wfields9n@aboutads.info,Male,118.224.138.40
349,Emily,Webb,ewebb9o@cnn.com,Female,231.247.223.178
350,Daniel,Boyd,dboyd9p@marketwatch.com,Male,171.31.230.84
351,Wanda,Hanson,whanson9q@scientificamerican.com,Female,197.248.196.99
352,Gloria,Crawford,gcrawford9r@dailymotion.com,Female,88.145.222.109
353,Amanda,Lopez,alopez9s@cbc.ca,Female,221.51.51.45
354,Justin,Stevens,jstevens9t@harvard.edu,Male,200.180.178.224
355,Andrew,Watkins,awatkins9u@addtoany.com,Male,88.116.100.84
356,Pamela,Hernandez,phernandez9v@booking.com,Female,201.113.212.166
357,Benjamin,Montgomery,bmontgomery9w@addtoany.com,Male,77.209.66.161
358,Lawrence,Wilson,lwilson9x@go.com,Male,7.238.2.229
359,Eric,Bell,ebell9y@discuz.net,Male,31.52.160.35
360,Angela,Hart,ahart9z@cnet.com,Female,109.249.22.184
361,Jerry,Romero,jromeroa0@ox.ac.uk,Male,79.125.104.237
362,Robert,Tucker,rtuckera1@over-blog.com,Male,50.111.169.98
363,Janet,Spencer,jspencera2@who.int,Female,249.94.110.197
364,Annie,Cruz,acruza3@loc.gov,Female,211.104.81.81
365,Linda,Bell,lbella4@blogger.com,Female,255.15.156.129
366,Jennifer,Bennett,jbennetta5@delicious.com,Female,171.4.140.49
367,Jerry,Gray,jgraya6@techcrunch.com,Male,152.18.165.224
368,Julia,Watson,jwatsona7@squarespace.com,Female,73.34.150.137
369,Brenda,Simpson,bsimpsona8@tripod.com,Female,69.177.221.118
370,George,James,gjamesa9@bloglovin.com,Male,227.84.85.197
371,Bruce,Brooks,bbrooksaa@tinyurl.com,Male,255.171.233.99
372,James,Alexander,jalexanderab@drupal.org,Male,211.233.50.34
373,Christina,Clark,cclarkac@prweb.com,Female,219.219.101.64
374,Kathy,Hicks,khicksad@merriam-webster.com,Female,173.220.186.85
375,Timothy,Edwards,tedwardsae@state.gov,Male,65.173.241.39
376,Norma,Barnes,nbarnesaf@upenn.edu,Female,218.143.177.69
377,Pamela,Romero,promeroag@apache.org,Female,67.180.254.72
378,Amanda,Carpenter,acarpenterah@opensource.org,Female,204.52.148.215
379,Joan,Watkins,jwatkinsai@marketwatch.com,Female,26.140.203.101
380,Ashley,Coleman,acolemanaj@altervista.org,Female,162.95.100.52
381,Howard,Diaz,hdiazak@csmonitor.com,Male,246.105.99.80
382,Susan,Gibson,sgibsonal@cargocollective.com,Female,114.207.55.225
383,Sara,Turner,sturneram@yale.edu,Female,74.84.192.153
384,Larry,Collins,lcollinsan@bluehost.com,Male,30.237.76.254
385,Ernest,Roberts,erobertsao@t.co,Male,150.175.28.8
386,Steve,Boyd,sboydap@google.es,Male,170.186.220.73
387,Carlos,Reynolds,creynoldsaq@w3.org,Male,175.199.44.117
388,Rachel,Gonzalez,rgonzalezar@1688.com,Female,61.72.101.189
389,Bruce,Myers,bmyersas@oaic.gov.au,Male,80.221.5.90
390,Diane,Ferguson,dfergusonat@google.it,Female,29.105.195.12
391,Gerald,Coleman,gcolemanau@harvard.edu,Male,24.186.156.106
392,Matthew,Bishop,mbishopav@usda.gov,Male,206.201.43.80
393,Christina,Lane,claneaw@4shared.com,Female,246.9.38.59
394,Paula,Ramirez,pramirezax@uiuc.edu,Female,191.245.29.150
395,Andrew,Garrett,agarrettay@bbb.org,Male,79.19.166.23
396,Bruce,Greene,bgreeneaz@latimes.com,Male,214.185.78.94
397,Kathryn,Harvey,kharveyb0@over-blog.com,Female,161.5.176.243
398,Paul,Henry,phenryb1@mail.ru,Male,157.125.197.250
399,Kathy,Howard,khowardb2@livejournal.com,Female,208.92.217.237
400,Howard,Carpenter,hcarpenterb3@comsenz.com,Male,127.164.33.171
401,Heather,Elliott,helliottb4@sfgate.com,Female,191.81.4.53
402,Raymond,Sullivan,rsullivanb5@mac.com,Male,192.32.194.170
403,Lawrence,Stanley,lstanleyb6@netscape.com,Male,86.204.150.72
404,Doris,Romero,dromerob7@wp.com,Female,72.202.238.184
405,Andrew,Ramirez,aramirezb8@wufoo.com,Male,65.44.248.155
406,Frances,Price,fpriceb9@sohu.com,Female,45.188.160.245
407,Victor,Brown,vbrownba@irs.gov,Male,10.255.220.23
408,Deborah,Mcdonald,dmcdonaldbb@berkeley.edu,Female,147.185.54.122
409,Victor,Torres,vtorresbc@gizmodo.com,Male,228.244.114.36
410,Robert,Henderson,rhendersonbd@hao123.com,Male,157.140.150.137
411,Lois,Berry,lberrybe@craigslist.org,Female,23.124.182.212
412,Jerry,Tucker,jtuckerbf@prnewswire.com,Male,217.118.46.181
413,Norma,Garza,ngarzabg@alexa.com,Female,27.50.210.180
414,Evelyn,Woods,ewoodsbh@ihg.com,Female,46.19.237.126
415,Lois,Jenkins,ljenkinsbi@wiley.com,Female,221.21.42.95
416,Raymond,Anderson,randersonbj@dion.ne.jp,Male,128.210.61.135
417,Paul,Hall,phallbk@hibu.com,Male,219.248.180.114
418,Timothy,Arnold,tarnoldbl@mtv.com,Male,182.89.143.35
419,Aaron,Lewis,alewisbm@imageshack.us,Male,211.90.3.60
420,Rose,Kelly,rkellybn@hugedomains.com,Female,62.114.107.42
421,Kathryn,Banks,kbanksbo@wunderground.com,Female,59.119.226.68
422,Julia,Mcdonald,jmcdonaldbp@bloglines.com,Female,122.177.74.138
423,Carl,West,cwestbq@ezinearticles.com,Male,202.1.243.94
424,Carolyn,Bailey,cbaileybr@de.vu,Female,197.81.145.203
425,Ruby,Jacobs,rjacobsbs@nih.gov,Female,94.142.216.234
426,Fred,Smith,fsmithbt@oakley.com,Male,145.98.98.88
427,Frank,Dunn,fdunnbu@npr.org,Male,74.244.84.2
428,Bonnie,Dean,bdeanbv@infoseek.co.jp,Female,2.16.3.180
429,Laura,Bailey,lbaileybw@stumbleupon.com,Female,168.10.148.203
430,Patrick,Marshall,pmarshallbx@chronoengine.com,Male,48.33.134.90
431,Jason,Roberts,jrobertsby@slashdot.org,Male,223.159.58.4
432,Stephen,Foster,sfosterbz@drupal.org,Male,45.120.60.252
433,Eugene,Stevens,estevensc0@friendfeed.com,Male,229.215.215.172
434,Charles,Moreno,cmorenoc1@prlog.org,Male,21.234.209.223
435,Carolyn,Pierce,cpiercec2@state.tx.us,Female,12.72.162.61
436,Mark,Hansen,mhansenc3@mtv.com,Male,22.65.228.86
437,Roy,Willis,rwillisc4@about.me,Male,204.84.230.55
438,Sandra,Perez,sperezc5@reddit.com,Female,232.117.23.82
439,Virginia,Fuller,vfullerc6@mysql.com,Female,112.0.212.24
440,Brian,Cruz,bcruzc7@dedecms.com,Male,125.76.75.45
441,Diana,Wilson,dwilsonc8@huffingtonpost.com,Female,63.93.58.18
442,James,Hunt,jhuntc9@miitbeian.gov.cn,Male,54.142.78.31
443,Ernest,Rose,eroseca@bloglines.com,Male,73.248.42.69
444,Debra,Fuller,dfullercb@economist.com,Female,255.238.110.250
445,Jeffrey,Harris,jharriscc@latimes.com,Male,37.208.222.225
446,Carolyn,Ramirez,cramirezcd@cnbc.com,Female,30.198.113.213
447,Cynthia,Marshall,cmarshallce@blinklist.com,Female,227.77.212.128
448,Randy,Reyes,rreyescf@washington.edu,Male,235.118.111.176
449,Ann,Gomez,agomezcg@360.cn,Female,212.254.32.160
450,Mildred,Allen,mallench@usda.gov,Female,172.76.106.142
451,William,Griffin,wgriffinci@comsenz.com,Male,117.38.190.39
452,Matthew,Kennedy,mkennedycj@nifty.com,Male,47.205.214.7
453,Daniel,Duncan,dduncanck@sciencedaily.com,Male,5.102.25.225
454,Anna,Allen,aallencl@businessweek.com,Female,170.64.0.159
455,Michelle,Ellis,melliscm@spotify.com,Female,222.35.72.113
456,Susan,Lawrence,slawrencecn@webmd.com,Female,51.116.129.227
457,Christine,Garza,cgarzaco@samsung.com,Female,22.204.135.189
458,Kenneth,Washington,kwashingtoncp@virginia.edu,Male,200.72.128.133
459,Gregory,Hawkins,ghawkinscq@unblog.fr,Male,170.187.213.232
460,Louis,Lawson,llawsoncr@intel.com,Male,177.176.132.139
461,Andrew,Robertson,arobertsoncs@comcast.net,Male,226.176.196.241
462,Amy,Mendoza,amendozact@dot.gov,Female,44.144.166.130
463,Lisa,Ross,lrosscu@gizmodo.com,Female,183.7.21.127
464,Carolyn,Montgomery,cmontgomerycv@constantcontact.com,Female,53.175.212.238
465,Harold,Brown,hbrowncw@ask.com,Male,35.252.179.24
466,Lawrence,Richards,lrichardscx@cocolog-nifty.com,Male,5.155.205.191
467,Angela,Ross,arosscy@berkeley.edu,Female,27.137.56.95
468,Shirley,Larson,slarsoncz@usnews.com,Female,220.203.83.55
469,Antonio,Burke,aburked0@bigcartel.com,Male,30.64.179.118
470,Helen,Griffin,hgriffind1@scientificamerican.com,Female,195.24.211.152
471,Antonio,Peterson,apetersond2@wikispaces.com,Male,250.120.34.193
472,Deborah,Nelson,dnelsond3@t-online.de,Female,200.154.226.11
473,Janice,Garrett,jgarrettd4@scientificamerican.com,Female,147.147.52.207
474,Christopher,Fox,cfoxd5@biglobe.ne.jp,Male,155.166.50.26
475,Raymond,Rivera,rriverad6@reverbnation.com,Male,13.21.31.226
476,Martha,Ferguson,mfergusond7@independent.co.uk,Female,92.15.16.193
477,Benjamin,Lopez,blopezd8@accuweather.com,Male,224.167.108.142
478,Phillip,Ray,prayd9@lycos.com,Male,23.85.172.214
479,Ronald,Hall,rhallda@vinaora.com,Male,218.188.97.165
480,Nancy,Spencer,nspencerdb@baidu.com,Female,232.119.52.149
481,Patricia,Stewart,pstewartdc@delicious.com,Female,173.81.93.238
482,Nicholas,Dunn,ndunndd@discovery.com,Male,252.121.224.137
483,Rose,Flores,rfloresde@ebay.co.uk,Female,187.94.150.255
484,Keith,Mitchell,kmitchelldf@tmall.com,Male,100.227.51.65
485,Frank,Rice,fricedg@wufoo.com,Male,200.253.198.54
486,Mildred,Wilson,mwilsondh@over-blog.com,Female,229.23.234.104
487,Aaron,Edwards,aedwardsdi@dyndns.org,Male,172.10.134.151
488,Shawn,Williams,swilliamsdj@studiopress.com,Male,201.110.211.58
489,Brian,Gibson,bgibsondk@studiopress.com,Male,65.122.20.178
490,Andrea,Rose,arosedl@bbc.co.uk,Female,48.5.95.207
491,Dorothy,Knight,dknightdm@istockphoto.com,Female,152.115.9.87
492,Willie,Sims,wsimsdn@whitehouse.gov,Male,62.91.109.200
493,Louis,Williams,lwilliamsdo@epa.gov,Male,61.2.165.160
494,Doris,Edwards,dedwardsdp@epa.gov,Female,142.22.98.29
495,Carol,Rivera,criveradq@dropbox.com,Female,133.196.147.191
496,Ernest,Welch,ewelchdr@usatoday.com,Male,86.190.77.83
497,Jessica,White,jwhiteds@arstechnica.com,Female,98.81.237.59
498,Sarah,Welch,swelchdt@netlog.com,Female,126.105.120.17
499,Joshua,Morrison,jmorrisondu@surveymonkey.com,Male,41.130.216.154
500,Kevin,Palmer,kpalmerdv@etsy.com,Male,251.123.253.68
501,Theresa,Russell,trusselldw@vkontakte.ru,Female,225.240.222.7
502,Alan,Knight,aknightdx@omniture.com,Male,127.12.184.86
503,Jason,Baker,jbakerdy@soup.io,Male,146.86.32.16
504,Janet,Baker,jbakerdz@ox.ac.uk,Female,181.148.136.63
505,Irene,Austin,iaustine0@dropbox.com,Female,3.215.9.95
506,Brenda,Williamson,bwilliamsone1@friendfeed.com,Female,187.207.159.161
507,Teresa,Gilbert,tgilberte2@businesswire.com,Female,140.151.20.215
508,Ann,Gibson,agibsone3@skype.com,Female,253.230.173.211
509,Katherine,Brooks,kbrookse4@goo.gl,Female,97.179.82.206
510,Emily,Davis,edavise5@apache.org,Female,204.76.251.40
511,Emily,Patterson,epattersone6@pinterest.com,Female,175.28.233.134
512,Mark,Hunter,mhuntere7@ovh.net,Male,110.115.92.70
513,Aaron,Wallace,awallacee8@java.com,Male,142.232.245.188
514,Bruce,Wood,bwoode9@wikipedia.org,Male,28.89.229.16
515,Phyllis,Edwards,pedwardsea@wufoo.com,Female,161.60.218.159
516,Amy,Boyd,aboydeb@businessinsider.com,Female,127.198.74.210
517,Timothy,Brooks,tbrooksec@unblog.fr,Male,30.27.194.62
518,Juan,Russell,jrusselled@stumbleupon.com,Male,136.3.162.136
519,Carol,Lewis,clewisee@issuu.com,Female,41.6.100.144
520,Catherine,Payne,cpayneef@theatlantic.com,Female,245.111.218.189
521,Gloria,Graham,ggrahameg@rambler.ru,Female,38.25.3.150
522,Rachel,James,rjameseh@japanpost.jp,Female,33.28.70.27
523,Craig,Stevens,cstevensei@ucsd.edu,Male,123.102.232.148
524,Janice,Anderson,jandersonej@cloudflare.com,Female,163.175.4.1
525,Johnny,Reyes,jreyesek@ucoz.com,Male,10.236.201.173
526,Steve,Gardner,sgardnerel@earthlink.net,Male,97.62.195.13
527,Larry,Duncan,lduncanem@last.fm,Male,220.239.59.254
528,Jason,Cooper,jcooperen@census.gov,Male,166.233.27.36
529,Sean,Perez,sperezeo@time.com,Male,233.44.121.103
530,Rachel,Wheeler,rwheelerep@desdev.cn,Female,158.20.2.147
531,Fred,Snyder,fsnydereq@blogs.com,Male,16.131.161.130
532,Cynthia,Thompson,cthompsoner@github.com,Female,151.85.156.135
533,Richard,Rogers,rrogerses@furl.net,Male,231.114.135.248
534,Christopher,Carroll,ccarrollet@merriam-webster.com,Male,189.60.122.67
535,Kevin,Stanley,kstanleyeu@latimes.com,Male,219.190.61.254
536,Patricia,Patterson,ppattersonev@nifty.com,Female,192.89.203.66
537,Lisa,Stevens,lstevensew@imgur.com,Female,218.211.239.25
538,Louise,Wilson,lwilsonex@devhub.com,Female,236.203.72.1
539,Ernest,Shaw,eshawey@bloglovin.com,Male,148.147.143.212
540,Diane,Ford,dfordez@a8.net,Female,139.88.116.234
541,Carlos,Moore,cmooref0@fda.gov,Male,61.8.121.51
542,Jonathan,Ortiz,jortizf1@yellowbook.com,Male,206.15.195.85
543,Donald,Martin,dmartinf2@dmoz.org,Male,167.155.193.136
544,Shawn,Jordan,sjordanf3@wsj.com,Male,52.236.18.32
545,Jose,Grant,jgrantf4@paypal.com,Male,192.98.237.220
546,William,Mccoy,wmccoyf5@nydailynews.com,Male,232.117.100.68
547,Robin,Franklin,rfranklinf6@sakura.ne.jp,Female,33.51.236.78
548,Susan,Tucker,stuckerf7@usa.gov,Female,150.229.194.222
549,Ruby,Kelley,rkelleyf8@soundcloud.com,Female,112.91.88.181
550,Mark,Reyes,mreyesf9@redcross.org,Male,220.147.70.162
551,Rachel,Price,rpricefa@unc.edu,Female,67.64.236.41
552,Louise,Wallace,lwallacefb@slashdot.org,Female,115.25.237.170
553,Mildred,Scott,mscottfc@biblegateway.com,Female,212.117.118.63
554,Katherine,James,kjamesfd@psu.edu,Female,139.122.37.161
555,Rose,Perez,rperezfe@wiley.com,Female,117.88.119.224
556,Patrick,Palmer,ppalmerff@scientificamerican.com,Male,230.108.144.125
557,Larry,Garcia,lgarciafg@lulu.com,Male,240.168.149.200
558,Teresa,Washington,twashingtonfh@paginegialle.it,Female,6.49.12.148
559,Frank,Miller,fmillerfi@dion.ne.jp,Male,217.172.163.24
560,Raymond,Hawkins,rhawkinsfj@examiner.com,Male,203.64.148.41
561,Martha,Ortiz,mortizfk@flickr.com,Female,131.77.227.38
562,Bruce,Ray,brayfl@amazon.co.jp,Male,8.28.228.88
563,Brandon,Franklin,bfranklinfm@nba.com,Male,20.200.87.216
564,David,Payne,dpaynefn@jugem.jp,Male,35.22.207.71
565,Roger,Lewis,rlewisfo@smh.com.au,Male,143.30.185.252
566,Lori,Russell,lrussellfp@nsw.gov.au,Female,193.106.79.221
567,Christina,Reynolds,creynoldsfq@indiatimes.com,Female,13.89.38.10
568,Ronald,Larson,rlarsonfr@instagram.com,Male,82.255.203.121
569,Richard,Berry,rberryfs@php.net,Male,164.171.97.83
570,Randy,Kelly,rkellyft@princeton.edu,Male,12.250.235.27
571,Kenneth,Martinez,kmartinezfu@ted.com,Male,26.208.148.174
572,Lawrence,Smith,lsmithfv@domainmarket.com,Male,185.88.210.79
573,Dorothy,Edwards,dedwardsfw@stanford.edu,Female,167.212.212.74
574,Jessica,Gilbert,jgilbertfx@nationalgeographic.com,Female,157.254.235.150
575,Roger,Coleman,rcolemanfy@live.com,Male,215.90.207.54
576,Paul,Simmons,psimmonsfz@census.gov,Male,159.167.145.174
577,Jane,Webb,jwebbg0@wordpress.org,Female,71.142.180.227
578,Bonnie,Lane,blaneg1@princeton.edu,Female,160.242.215.78
579,Russell,Collins,rcollinsg2@arstechnica.com,Male,25.239.164.149
580,Robin,Washington,rwashingtong3@sogou.com,Female,86.152.162.35
581,Andrew,Kim,akimg4@woothemes.com,Male,150.242.92.168
582,Michelle,Gonzales,mgonzalesg5@nature.com,Female,187.250.236.179
583,Betty,Cooper,bcooperg6@live.com,Female,131.104.44.252
584,Robert,Harper,rharperg7@skyrock.com,Male,224.165.249.255
585,Jessica,Hughes,jhughesg8@trellian.com,Female,77.98.230.134
586,Heather,Duncan,hduncang9@miitbeian.gov.cn,Female,169.205.31.140
587,Terry,Day,tdayga@unesco.org,Male,9.116.48.184
588,Patrick,Welch,pwelchgb@spiegel.de,Male,75.116.190.81
589,Stephanie,Jordan,sjordangc@mozilla.org,Female,153.117.235.203
590,Bruce,Berry,bberrygd@deviantart.com,Male,215.181.164.115
591,Evelyn,Jordan,ejordange@businessweek.com,Female,70.234.115.244
592,Lillian,Kelley,lkelleygf@paypal.com,Female,250.157.241.43
593,Catherine,Vasquez,cvasquezgg@mlb.com,Female,144.147.88.34
594,Andrea,Wheeler,awheelergh@tripod.com,Female,52.147.142.54
595,Bobby,Ross,brossgi@pcworld.com,Male,89.249.57.5
596,Tina,Wells,twellsgj@acquirethisname.com,Female,77.130.59.207
597,Ruth,Watkins,rwatkinsgk@wikimedia.org,Female,77.107.49.254
598,Jonathan,Dixon,jdixongl@mysql.com,Male,5.70.228.175
599,George,Fernandez,gfernandezgm@alibaba.com,Male,244.164.253.157
600,Billy,Russell,brussellgn@oakley.com,Male,228.160.178.105
601,Jessica,Hill,jhillgo@pen.io,Female,37.35.132.76
602,Doris,Ramirez,dramirezgp@patch.com,Female,195.143.23.159
603,Gerald,Johnson,gjohnsongq@oakley.com,Male,63.81.176.133
604,Larry,Lee,lleegr@dyndns.org,Male,116.28.28.210
605,Theresa,Franklin,tfranklings@cpanel.net,Female,106.52.39.176
606,Lillian,Moreno,lmorenogt@nydailynews.com,Female,113.101.187.89
607,Larry,Stewart,lstewartgu@economist.com,Male,88.14.156.19
608,Robin,Green,rgreengv@bizjournals.com,Female,158.249.73.132
609,Teresa,Mills,tmillsgw@blogtalkradio.com,Female,182.254.75.205
610,Louis,Mills,lmillsgx@creativecommons.org,Male,61.231.128.216
611,Norma,Burns,nburnsgy@who.int,Female,223.51.90.151
612,Roger,Martinez,rmartinezgz@edublogs.org,Male,205.64.12.33
613,Mildred,Simmons,msimmonsh0@photobucket.com,Female,180.125.214.56
614,Benjamin,Chapman,bchapmanh1@fema.gov,Male,61.148.63.183
615,Roger,Myers,rmyersh2@people.com.cn,Male,1.220.249.200
616,William,Ruiz,wruizh3@wiley.com,Male,111.58.173.62
617,Jerry,Rice,jriceh4@google.com,Male,51.111.17.50
618,Jason,Ruiz,jruizh5@csmonitor.com,Male,107.181.12.4
619,Wanda,Ellis,wellish6@123-reg.co.uk,Female,124.96.17.228
620,Jessica,Lynch,jlynchh7@tripadvisor.com,Female,253.12.70.25
621,Arthur,Miller,amillerh8@un.org,Male,148.143.217.213
622,Jeremy,Flores,jfloresh9@storify.com,Male,212.111.92.222
623,Ernest,Robertson,erobertsonha@howstuffworks.com,Male,201.238.130.43
624,Gloria,Parker,gparkerhb@t.co,Female,185.201.19.17
625,Diana,Gibson,dgibsonhc@salon.com,Female,48.47.178.136
626,Ann,Meyer,ameyerhd@typepad.com,Female,172.107.98.115
627,Steven,Foster,sfosterhe@flickr.com,Male,45.70.225.44
628,Debra,Patterson,dpattersonhf@businessinsider.com,Female,217.188.12.223
629,Aaron,Murray,amurrayhg@fastcompany.com,Male,35.39.233.234
630,Justin,Perez,jperezhh@biblegateway.com,Male,179.160.111.109
631,Nicole,Nguyen,nnguyenhi@marketwatch.com,Female,66.148.95.249
632,Kimberly,Bailey,kbaileyhj@istockphoto.com,Female,106.234.96.246
633,Antonio,Hernandez,ahernandezhk@oakley.com,Male,247.249.59.150
634,Tina,Grant,tgranthl@de.vu,Female,166.159.73.123
635,Cynthia,Oliver,coliverhm@ted.com,Female,126.90.142.65
636,Alice,Castillo,acastillohn@ebay.com,Female,161.88.83.8
637,Albert,Wright,awrightho@princeton.edu,Male,174.187.49.27
638,Chris,Nelson,cnelsonhp@addthis.com,Male,232.111.231.4
639,Timothy,Arnold,tarnoldhq@senate.gov,Male,197.72.83.169
640,Terry,Mccoy,tmccoyhr@wufoo.com,Male,122.114.185.125
641,Andrew,Rose,arosehs@earthlink.net,Male,145.112.8.204
642,Marilyn,Hunter,mhunterht@mit.edu,Female,228.35.80.18
643,Frank,Armstrong,farmstronghu@ucsd.edu,Male,136.119.170.176
644,Paula,Morales,pmoraleshv@cpanel.net,Female,19.217.97.154
645,Annie,Campbell,acampbellhw@ning.com,Female,99.83.168.138
646,Joyce,Edwards,jedwardshx@smh.com.au,Female,103.88.26.72
647,Ruby,Richardson,rrichardsonhy@hostgator.com,Female,10.248.59.105
648,Shawn,Wheeler,swheelerhz@pagesperso-orange.fr,Male,210.134.22.188
649,Jeffrey,West,jwesti0@cafepress.com,Male,29.220.51.4
650,Kelly,Meyer,kmeyeri1@cnbc.com,Female,227.202.58.203
651,Catherine,Johnston,cjohnstoni2@shinystat.com,Female,149.74.204.195
652,Margaret,Stanley,mstanleyi3@netvibes.com,Female,233.112.218.11
653,Ruby,Martinez,rmartinezi4@friendfeed.com,Female,141.60.142.145
654,Rachel,Rivera,rriverai5@homestead.com,Female,178.54.57.225
655,Chris,Cruz,ccruzi6@merriam-webster.com,Male,166.44.130.87
656,Brandon,Olson,bolsoni7@archive.org,Male,47.106.88.161
657,Virginia,Alexander,valexanderi8@cocolog-nifty.com,Female,224.149.94.48
658,Billy,Bailey,bbaileyi9@hp.com,Male,236.102.9.228
659,Jack,Patterson,jpattersonia@chicagotribune.com,Male,58.131.125.34
660,Nancy,Burns,nburnsib@g.co,Female,4.129.162.28
661,Earl,Stephens,estephensic@jimdo.com,Male,46.35.129.28
662,Philip,Welch,pwelchid@chronoengine.com,Male,64.68.146.255
663,Roger,Cook,rcookie@parallels.com,Male,182.222.71.234
664,John,Hunt,jhuntif@princeton.edu,Male,187.136.3.41
665,Gregory,Dixon,gdixonig@yandex.ru,Male,29.123.33.193
666,Justin,Allen,jallenih@ask.com,Male,71.114.196.19
667,Kathryn,Graham,kgrahamii@slideshare.net,Female,51.17.16.203
668,Tina,Alvarez,talvarezij@baidu.com,Female,30.123.228.51
669,Andrea,White,awhiteik@google.cn,Female,98.113.130.52
670,Kathleen,Perkins,kperkinsil@dion.ne.jp,Female,141.179.162.205
671,Sandra,Rogers,srogersim@reuters.com,Female,241.175.209.115
672,Jacqueline,Price,jpricein@topsy.com,Female,158.181.41.98
673,Jerry,Sanchez,jsanchezio@acquirethisname.com,Male,21.207.109.79
674,Andrea,Hernandez,ahernandezip@theglobeandmail.com,Female,93.94.191.31
675,Jesse,Garrett,jgarrettiq@tripadvisor.com,Male,22.249.41.191
676,Melissa,Kennedy,mkennedyir@bravesites.com,Female,214.155.5.102
677,Susan,Pierce,spierceis@spotify.com,Female,171.142.96.248
678,Alice,Robertson,arobertsonit@salon.com,Female,162.0.207.152
679,Annie,Roberts,arobertsiu@addtoany.com,Female,78.69.52.139
680,Kenneth,Bailey,kbaileyiv@fotki.com,Male,250.245.40.58
681,Cheryl,Nguyen,cnguyeniw@barnesandnoble.com,Female,45.1.121.11
682,Albert,Berry,aberryix@simplemachines.org,Male,32.137.244.93
683,Nancy,Kelley,nkelleyiy@homestead.com,Female,15.54.0.69
684,Jerry,Lopez,jlopeziz@ox.ac.uk,Male,52.17.56.33
685,Stephen,Wagner,swagnerj0@ovh.net,Male,203.47.74.124
686,James,Coleman,jcolemanj1@artisteer.com,Male,45.168.93.97
687,Albert,Webb,awebbj2@zdnet.com,Male,136.55.9.142
688,Joan,Lawrence,jlawrencej3@weebly.com,Female,214.177.123.218
689,Ruth,Griffin,rgriffinj4@ebay.com,Female,150.253.40.137
690,Adam,Patterson,apattersonj5@howstuffworks.com,Male,222.74.201.189
691,Martin,Green,mgreenj6@dedecms.com,Male,123.15.235.46
692,Stephanie,Nguyen,snguyenj7@jigsy.com,Female,112.246.62.241
693,John,Carr,jcarrj8@mashable.com,Male,209.2.206.49
694,Norma,Bryant,nbryantj9@ocn.ne.jp,Female,108.236.199.69
695,Diana,Peters,dpetersja@nyu.edu,Female,77.138.84.94
696,Richard,Jones,rjonesjb@lulu.com,Male,137.79.215.254
697,Sandra,Ortiz,sortizjc@ycombinator.com,Female,23.122.168.97
698,Louise,Cole,lcolejd@nydailynews.com,Female,187.178.50.65
699,Kathleen,Fisher,kfisherje@google.cn,Female,185.131.216.224
700,Lori,Riley,lrileyjf@smugmug.com,Female,205.140.25.146
701,Wayne,Stewart,wstewartjg@accuweather.com,Male,20.236.220.141
702,Louise,Gonzalez,lgonzalezjh@google.com,Female,144.160.16.158
703,Bruce,Foster,bfosterji@zimbio.com,Male,189.41.67.160
704,Kenneth,Robertson,krobertsonjj@google.de,Male,53.104.213.12
705,Walter,Fuller,wfullerjk@elpais.com,Male,7.124.78.2
706,Ruby,Grant,rgrantjl@stumbleupon.com,Female,180.243.164.91
707,Philip,Lawson,plawsonjm@bloglovin.com,Male,160.103.109.29
708,Brandon,Wells,bwellsjn@slashdot.org,Male,127.234.100.51
709,Samuel,Cooper,scooperjo@altervista.org,Male,191.71.206.212
710,Norma,Greene,ngreenejp@opera.com,Female,28.103.123.166
711,Judy,Mccoy,jmccoyjq@usa.gov,Female,178.219.241.48
712,Karen,Davis,kdavisjr@kickstarter.com,Female,145.101.86.222
713,Norma,Boyd,nboydjs@jugem.jp,Female,56.243.12.201
714,Victor,Daniels,vdanielsjt@wisc.edu,Male,60.184.172.184
715,Irene,Warren,iwarrenju@unc.edu,Female,214.189.148.189
716,Paula,Welch,pwelchjv@ebay.co.uk,Female,165.200.169.83
717,Eugene,Fowler,efowlerjw@comcast.net,Male,169.99.72.147
718,Lisa,Ryan,lryanjx@mashable.com,Female,56.235.132.237
719,Earl,Evans,eevansjy@google.com.au,Male,222.192.129.174
720,Marilyn,Brown,mbrownjz@home.pl,Female,154.89.2.106
721,Ruth,Greene,rgreenek0@deviantart.com,Female,229.66.147.118
722,Benjamin,Cole,bcolek1@booking.com,Male,138.89.165.192
723,Norma,Simmons,nsimmonsk2@usatoday.com,Female,133.114.15.163
724,Edward,Fox,efoxk3@so-net.ne.jp,Male,162.250.157.118
725,Amanda,Carroll,acarrollk4@bbb.org,Female,99.197.14.40
726,Russell,Taylor,rtaylork5@tripod.com,Male,135.146.105.71
727,Ashley,Ryan,aryank6@cmu.edu,Female,41.78.148.96
728,Anthony,Meyer,ameyerk7@privacy.gov.au,Male,134.52.10.137
729,Billy,Garza,bgarzak8@1und1.de,Male,108.168.123.163
730,Donald,James,djamesk9@prweb.com,Male,93.85.15.197
731,Jean,Wagner,jwagnerka@hhs.gov,Female,189.144.215.163
732,Martin,Ray,mraykb@yelp.com,Male,216.55.122.33
733,Gregory,Mcdonald,gmcdonaldkc@fc2.com,Male,179.7.174.160
734,Donna,Rogers,drogerskd@paginegialle.it,Female,52.67.214.217
735,Shawn,Washington,swashingtonke@sphinn.com,Male,30.24.44.216
736,Terry,Cooper,tcooperkf@t.co,Male,5.28.82.58
737,Bonnie,Harrison,bharrisonkg@unesco.org,Female,88.155.147.77
738,Jennifer,Gomez,jgomezkh@sitemeter.com,Female,53.88.169.61
739,Jason,Daniels,jdanielski@boston.com,Male,198.233.186.216
740,Heather,Austin,haustinkj@xinhuanet.com,Female,197.203.255.172
741,Judy,Bennett,jbennettkk@taobao.com,Female,39.104.155.206
742,Howard,Gray,hgraykl@walmart.com,Male,108.109.155.1
743,Roger,Gray,rgraykm@mysql.com,Male,150.117.143.27
744,Jack,Foster,jfosterkn@mail.ru,Male,74.214.105.54
745,Steve,Moore,smooreko@joomla.org,Male,9.152.15.203
746,Nancy,Cruz,ncruzkp@networkadvertising.org,Female,210.91.237.109
747,Ruby,Peterson,rpetersonkq@reference.com,Female,192.63.181.43
748,Anna,Thompson,athompsonkr@harvard.edu,Female,182.243.89.40
749,Jeremy,Vasquez,jvasquezks@loc.gov,Male,83.15.255.7
750,Jane,Miller,jmillerkt@usgs.gov,Female,166.92.173.176
751,Angela,Scott,ascottku@example.com,Female,170.230.15.210
752,Paul,Gonzales,pgonzaleskv@dell.com,Male,58.199.181.113
753,Ryan,Stevens,rstevenskw@123-reg.co.uk,Male,110.195.169.27
754,Charles,Gilbert,cgilbertkx@furl.net,Male,77.192.102.94
755,Marilyn,Cunningham,mcunninghamky@ebay.com,Female,59.224.247.7
756,Aaron,Gonzalez,agonzalezkz@quantcast.com,Male,213.57.141.164
757,Albert,Willis,awillisl0@google.ru,Male,6.144.120.231
758,Annie,Boyd,aboydl1@army.mil,Female,213.171.184.239
759,Ralph,Fisher,rfisherl2@miitbeian.gov.cn,Male,141.237.14.121
760,Wanda,Morris,wmorrisl3@etsy.com,Female,144.122.161.212
761,Lisa,Johnson,ljohnsonl4@usnews.com,Female,10.187.173.61
762,Gerald,Chapman,gchapmanl5@google.ca,Male,217.112.77.84
763,Anne,Gonzalez,agonzalezl6@ow.ly,Female,54.18.88.97
764,Keith,Hicks,khicksl7@printfriendly.com,Male,221.11.134.220
765,Michelle,Crawford,mcrawfordl8@creativecommons.org,Female,35.61.29.118
766,Edward,Long,elongl9@ihg.com,Male,235.130.118.231
767,Henry,Bowman,hbowmanla@examiner.com,Male,173.204.168.252
768,Andrea,Fisher,afisherlb@mail.ru,Female,229.219.162.89
769,Nicole,Wallace,nwallacelc@hibu.com,Female,208.44.53.201
770,Ruby,Franklin,rfranklinld@theatlantic.com,Female,33.220.247.140
771,Cheryl,Dixon,cdixonle@unesco.org,Female,51.102.57.137
772,Clarence,Wright,cwrightlf@sun.com,Male,17.53.228.153
773,Judith,Berry,jberrylg@jugem.jp,Female,214.178.228.121
774,Laura,Ray,lraylh@unesco.org,Female,207.219.72.88
775,Randy,Phillips,rphillipsli@deliciousdays.com,Male,87.74.241.229
776,Virginia,Johnson,vjohnsonlj@alibaba.com,Female,45.174.157.188
777,Alice,Burke,aburkelk@cdc.gov,Female,157.6.47.152
778,Amanda,Holmes,aholmesll@amazon.de,Female,81.156.95.116
779,Alice,Dunn,adunnlm@last.fm,Female,215.234.156.129
780,Roger,Hamilton,rhamiltonln@wordpress.com,Male,77.119.182.159
781,Adam,Grant,agrantlo@unc.edu,Male,46.86.155.17
782,Julia,Phillips,jphillipslp@nih.gov,Female,129.243.60.9
783,Brian,Brown,bbrownlq@deviantart.com,Male,137.39.227.73
784,Kimberly,Cole,kcolelr@simplemachines.org,Female,158.156.111.136
785,Christopher,Smith,csmithls@utexas.edu,Male,5.190.69.9
786,Victor,Cole,vcolelt@ted.com,Male,13.174.6.42
787,Beverly,Pierce,bpiercelu@aboutads.info,Female,70.229.7.229
788,Melissa,Harris,mharrislv@ihg.com,Female,70.45.44.59
789,Donald,Powell,dpowelllw@ycombinator.com,Male,187.199.197.8
790,Joshua,Marshall,jmarshalllx@netvibes.com,Male,50.90.204.221
791,Samuel,Jackson,sjacksonly@illinois.edu,Male,207.49.212.150
792,Sarah,Hicks,shickslz@google.co.uk,Female,11.18.28.254
793,Barbara,Stanley,bstanleym0@freewebs.com,Female,165.25.30.54
794,Bruce,Woods,bwoodsm1@acquirethisname.com,Male,111.112.77.55
795,Pamela,Webb,pwebbm2@mapy.cz,Female,8.233.33.72
796,Sandra,Cunningham,scunninghamm3@dmoz.org,Female,153.149.156.207
797,Jason,Welch,jwelchm4@google.fr,Male,213.54.106.115
798,Annie,Garcia,agarciam5@google.pl,Female,226.87.145.44
799,Scott,Johnson,sjohnsonm6@ibm.com,Male,0.51.236.49
800,Frank,Payne,fpaynem7@europa.eu,Male,195.165.16.18
801,Rose,Sullivan,rsullivanm8@hibu.com,Female,5.206.77.106
802,Russell,Hunter,rhunterm9@scientificamerican.com,Male,107.194.115.57
803,Lillian,Morris,lmorrisma@washingtonpost.com,Female,42.186.197.113
804,Diana,Porter,dportermb@redcross.org,Female,222.65.141.113
805,Howard,Mccoy,hmccoymc@nsw.gov.au,Male,159.1.4.178
806,Paula,Boyd,pboydmd@npr.org,Female,205.66.232.94
807,Tina,Ruiz,truizme@ovh.net,Female,9.189.76.215
808,Amy,Wagner,awagnermf@ycombinator.com,Female,138.191.237.112
809,Brenda,Richardson,brichardsonmg@nps.gov,Female,254.114.255.241
810,Paula,Black,pblackmh@homestead.com,Female,244.8.255.61
811,Janice,Knight,jknightmi@quantcast.com,Female,71.210.252.235
812,Teresa,Garza,tgarzamj@hatena.ne.jp,Female,177.161.22.114
813,Christina,Hill,chillmk@tinypic.com,Female,5.51.61.36
814,Robert,Rodriguez,rrodriguezml@dailymotion.com,Male,34.161.132.114
815,Mary,Willis,mwillismm@barnesandnoble.com,Female,205.174.125.253
816,Daniel,Ruiz,druizmn@so-net.ne.jp,Male,81.108.51.230
817,Julia,Morales,jmoralesmo@netscape.com,Female,212.45.166.10
818,Helen,Stanley,hstanleymp@cdc.gov,Female,180.96.47.18
819,Donna,Elliott,delliottmq@drupal.org,Female,48.25.255.133
820,Elizabeth,Mitchell,emitchellmr@naver.com,Female,239.137.165.211
821,Jose,Ryan,jryanms@wordpress.com,Male,165.28.25.81
822,Catherine,Thomas,cthomasmt@yale.edu,Female,9.157.49.51
823,Henry,Powell,hpowellmu@hc360.com,Male,183.254.250.147
824,Frances,Butler,fbutlermv@newyorker.com,Female,181.75.213.236
825,Matthew,Kennedy,mkennedymw@odnoklassniki.ru,Male,202.206.24.13
826,Billy,Warren,bwarrenmx@baidu.com,Male,110.193.14.110
827,Raymond,Nelson,rnelsonmy@google.co.jp,Male,69.223.166.162
828,Billy,White,bwhitemz@sphinn.com,Male,132.19.53.54
829,Nancy,Coleman,ncolemann0@elegantthemes.com,Female,51.19.49.182
830,Jeffrey,Webb,jwebbn1@un.org,Male,254.184.37.118
831,Gregory,Olson,golsonn2@bloomberg.com,Male,108.157.99.254
832,Victor,Kelley,vkelleyn3@state.gov,Male,69.40.46.27
833,Elizabeth,Bowman,ebowmann4@ibm.com,Female,171.40.158.118
834,Jennifer,Hunt,jhuntn5@aboutads.info,Female,44.6.204.156
835,Anne,Ellis,aellisn6@theatlantic.com,Female,251.182.181.117
836,Deborah,Barnes,dbarnesn7@usgs.gov,Female,71.68.59.52
837,David,Crawford,dcrawfordn8@goodreads.com,Male,194.235.170.76
838,Fred,Campbell,fcampbelln9@cnn.com,Male,74.66.163.19
839,Irene,Little,ilittlena@theglobeandmail.com,Female,1.8.73.45
840,Fred,Wagner,fwagnernb@ca.gov,Male,70.57.183.251
841,Joyce,Hawkins,jhawkinsnc@barnesandnoble.com,Female,161.239.122.15
842,Dorothy,Burns,dburnsnd@i2i.jp,Female,145.224.134.19
843,Carol,Bradley,cbradleyne@ameblo.jp,Female,19.34.206.175
844,Katherine,Berry,kberrynf@nydailynews.com,Female,60.28.37.228
845,Gary,Foster,gfosterng@house.gov,Male,9.64.101.19
846,Bobby,Wright,bwrightnh@histats.com,Male,61.73.113.72
847,Theresa,Mason,tmasonni@nature.com,Female,140.66.238.59
848,Philip,Miller,pmillernj@japanpost.jp,Male,97.110.175.200
849,Brian,Johnson,bjohnsonnk@fda.gov,Male,89.134.148.156
850,Richard,Reid,rreidnl@deliciousdays.com,Male,203.146.195.227
851,Sharon,Cox,scoxnm@europa.eu,Female,189.220.236.142
852,Angela,Bowman,abowmannn@psu.edu,Female,58.186.140.84
853,Mary,Davis,mdavisno@berkeley.edu,Female,255.98.116.40
854,Sharon,Nichols,snicholsnp@tinypic.com,Female,211.179.144.111
855,Mildred,Moreno,mmorenonq@typepad.com,Female,21.132.247.214
856,Bobby,Brown,bbrownnr@so-net.ne.jp,Male,95.27.69.21
857,Kenneth,Austin,kaustinns@hexun.com,Male,221.199.180.29
858,Jimmy,Allen,jallennt@t-online.de,Male,154.113.74.62
859,Kathy,Flores,kfloresnu@facebook.com,Female,90.4.43.160
860,Ruth,Frazier,rfraziernv@blogs.com,Female,112.22.141.142
861,Todd,Ford,tfordnw@stumbleupon.com,Male,250.188.21.55
862,Nicole,Gibson,ngibsonnx@oakley.com,Female,139.16.126.149
863,Kevin,Diaz,kdiazny@dell.com,Male,109.63.243.183
864,Donald,White,dwhitenz@abc.net.au,Male,234.123.104.194
865,Joshua,Peters,jpeterso0@smugmug.com,Male,165.212.112.105
866,Jason,Cunningham,jcunninghamo1@cbslocal.com,Male,129.85.38.76
867,Helen,Campbell,hcampbello2@nifty.com,Female,108.131.88.203
868,Kelly,Hamilton,khamiltono3@ask.com,Female,251.73.164.114
869,Joseph,Mccoy,jmccoyo4@live.com,Male,6.33.161.117
870,Adam,Brooks,abrookso5@reverbnation.com,Male,141.203.239.95
871,Martha,Stephens,mstephenso6@msu.edu,Female,180.149.92.69
872,Katherine,Holmes,kholmeso7@is.gd,Female,236.121.75.71
873,Virginia,Larson,vlarsono8@tripod.com,Female,77.21.58.216
874,Melissa,Rodriguez,mrodriguezo9@gravatar.com,Female,94.132.60.185
875,Frank,Morgan,fmorganoa@tinypic.com,Male,70.211.192.175
876,Katherine,Graham,kgrahamob@odnoklassniki.ru,Female,1.74.216.92
877,Jennifer,Knight,jknightoc@vimeo.com,Female,0.199.229.242
878,Elizabeth,Watkins,ewatkinsod@blinklist.com,Female,144.113.100.182
879,Adam,Grant,agrantoe@wired.com,Male,151.241.120.114
880,Marie,Carr,mcarrof@noaa.gov,Female,14.64.127.45
881,Patricia,Powell,ppowellog@yelp.com,Female,63.1.131.7
882,Pamela,Dean,pdeanoh@abc.net.au,Female,6.158.228.6
883,Phyllis,Ford,pfordoi@paypal.com,Female,63.58.14.199
884,Jonathan,Lynch,jlynchoj@mtv.com,Male,220.143.109.92
885,Nicole,Brown,nbrownok@nature.com,Female,239.101.37.77
886,Jennifer,Howard,jhowardol@bravesites.com,Female,213.229.186.178
887,David,Lopez,dlopezom@about.com,Male,54.155.122.50
888,Kathleen,Sims,ksimson@google.pl,Female,141.88.53.8
889,Phillip,Reyes,preyesoo@time.com,Male,183.210.154.152
890,Ann,Holmes,aholmesop@loc.gov,Female,65.14.249.124
891,Paul,Grant,pgrantoq@eepurl.com,Male,157.232.137.84
892,Justin,Martinez,jmartinezor@msu.edu,Male,164.21.59.183
893,Samuel,Lopez,slopezos@freewebs.com,Male,189.53.29.8
894,Doris,Alvarez,dalvarezot@mashable.com,Female,27.76.61.228
895,Shirley,Stevens,sstevensou@tinyurl.com,Female,118.164.79.83
896,Gloria,Carter,gcarterov@globo.com,Female,27.22.37.114
897,Stephanie,Jordan,sjordanow@ycombinator.com,Female,154.240.33.158
898,Anna,Murray,amurrayox@opensource.org,Female,109.5.32.114
899,Carol,Fisher,cfisheroy@nyu.edu,Female,212.105.52.13
900,Michelle,Greene,mgreeneoz@nba.com,Female,98.217.192.28
901,Irene,Jackson,ijacksonp0@bbb.org,Female,164.8.93.3
902,Wanda,Owens,wowensp1@reddit.com,Female,236.123.149.94
903,Dorothy,Woods,dwoodsp2@businessweek.com,Female,42.120.124.92
904,Walter,Montgomery,wmontgomeryp3@nbcnews.com,Male,218.170.80.33
905,Christina,Spencer,cspencerp4@multiply.com,Female,245.7.182.134
906,Billy,Jenkins,bjenkinsp5@bloomberg.com,Male,200.51.215.131
907,Walter,Myers,wmyersp6@fastcompany.com,Male,180.201.140.248
908,Janice,George,jgeorgep7@wufoo.com,Female,45.172.118.62
909,Jonathan,Phillips,jphillipsp8@vk.com,Male,7.243.209.247
910,Lois,Duncan,lduncanp9@hugedomains.com,Female,250.99.209.156
911,Lillian,Foster,lfosterpa@netscape.com,Female,134.26.147.238
912,Scott,Powell,spowellpb@youku.com,Male,26.230.75.206
913,Teresa,Patterson,tpattersonpc@nsw.gov.au,Female,201.109.23.181
914,Billy,Johnson,bjohnsonpd@deliciousdays.com,Male,137.115.223.129
915,Johnny,Spencer,jspencerpe@seattletimes.com,Male,231.161.84.78
916,Jean,Medina,jmedinapf@gov.uk,Female,62.105.18.89
917,Douglas,Medina,dmedinapg@omniture.com,Male,129.32.214.136
918,Jose,White,jwhiteph@lycos.com,Male,86.113.60.199
919,Jacqueline,Bennett,jbennettpi@hc360.com,Female,253.84.90.87
920,Lois,Nelson,lnelsonpj@bloomberg.com,Female,224.178.23.117
921,Pamela,Peterson,ppetersonpk@tinypic.com,Female,33.59.156.67
922,Judy,Romero,jromeropl@independent.co.uk,Female,198.52.9.96
923,Keith,Jenkins,kjenkinspm@google.cn,Male,250.222.122.193
924,Rebecca,Morrison,rmorrisonpn@about.com,Female,79.246.219.223
925,Donald,Moore,dmoorepo@chronoengine.com,Male,97.191.47.103
926,Justin,James,jjamespp@freewebs.com,Male,79.195.20.1
927,Barbara,Hicks,bhickspq@goodreads.com,Female,252.182.94.49
928,Angela,Powell,apowellpr@cafepress.com,Female,141.113.94.122
929,Karen,Harrison,kharrisonps@de.vu,Female,229.101.160.194
930,Jeffrey,Warren,jwarrenpt@parallels.com,Male,131.228.119.207
931,Annie,Ward,awardpu@europa.eu,Female,15.47.43.247
932,Samuel,Lee,sleepv@ehow.com,Male,92.118.65.222
933,Betty,Cox,bcoxpw@fema.gov,Female,11.200.162.17
934,Judy,Palmer,jpalmerpx@pbs.org,Female,201.252.133.49
935,Carolyn,Rice,cricepy@opera.com,Female,216.253.156.3
936,Rebecca,Hill,rhillpz@msn.com,Female,218.171.151.41
937,Sarah,Baker,sbakerq0@bravesites.com,Female,145.90.191.64
938,Henry,Nelson,hnelsonq1@163.com,Male,234.180.68.76
939,Clarence,Peterson,cpetersonq2@theglobeandmail.com,Male,7.172.81.125
940,Eric,Stone,estoneq3@gizmodo.com,Male,55.164.190.165
941,Craig,Mills,cmillsq4@hostgator.com,Male,249.197.113.145
942,Craig,Gray,cgrayq5@people.com.cn,Male,195.193.34.149
943,Sarah,Gonzalez,sgonzalezq6@cnbc.com,Female,195.95.62.81
944,Harry,Richardson,hrichardsonq7@unicef.org,Male,235.123.70.48
945,Anthony,Long,alongq8@earthlink.net,Male,151.157.173.206
946,Carl,Vasquez,cvasquezq9@cornell.edu,Male,178.43.166.218
947,Larry,Jordan,ljordanqa@cdbaby.com,Male,112.176.209.167
948,Frances,Allen,fallenqb@ocn.ne.jp,Female,166.166.224.193
949,Billy,Carpenter,bcarpenterqc@comsenz.com,Male,17.12.145.199
950,Stephen,Kelley,skelleyqd@google.fr,Male,93.13.69.233
951,Aaron,Ford,afordqe@blogs.com,Male,30.240.236.156
952,Joe,Grant,jgrantqf@ucla.edu,Male,221.81.250.70
953,Christopher,Ross,crossqg@engadget.com,Male,131.244.121.32
954,Philip,Banks,pbanksqh@twitter.com,Male,28.249.113.78
955,Lisa,Gilbert,lgilbertqi@nyu.edu,Female,240.84.117.169
956,Albert,Hayes,ahayesqj@goo.ne.jp,Male,145.198.127.152
957,Raymond,Gardner,rgardnerqk@sitemeter.com,Male,126.209.195.149
958,Victor,Morales,vmoralesql@tinypic.com,Male,203.221.19.245
959,Ryan,Diaz,rdiazqm@people.com.cn,Male,58.82.92.183
960,Albert,George,ageorgeqn@latimes.com,Male,166.87.209.141
961,William,Mills,wmillsqo@tuttocitta.it,Male,103.182.29.30
962,Donald,Rodriguez,drodriguezqp@hud.gov,Male,208.70.247.243
963,Shawn,Nelson,snelsonqq@bbc.co.uk,Male,126.95.48.217
964,Jean,Sullivan,jsullivanqr@so-net.ne.jp,Female,1.140.80.6
965,Mildred,Stanley,mstanleyqs@jiathis.com,Female,213.239.6.248
966,Amanda,Lee,aleeqt@unc.edu,Female,203.103.254.34
967,Fred,Hanson,fhansonqu@merriam-webster.com,Male,41.78.145.117
968,Carl,Warren,cwarrenqv@wordpress.com,Male,86.43.75.120
969,Robin,Hamilton,rhamiltonqw@tripod.com,Female,189.59.219.62
970,Catherine,Crawford,ccrawfordqx@wiley.com,Female,57.149.241.242
971,Ashley,Romero,aromeroqy@independent.co.uk,Female,123.218.180.19
972,Martha,Dixon,mdixonqz@addtoany.com,Female,49.6.232.133
973,Louise,Hanson,lhansonr0@eventbrite.com,Female,65.107.241.152
974,Scott,Porter,sporterr1@smh.com.au,Male,161.250.77.189
975,Patricia,Henry,phenryr2@telegraph.co.uk,Female,240.179.33.119
976,Lois,Webb,lwebbr3@prlog.org,Female,27.167.71.200
977,Maria,Harper,mharperr4@people.com.cn,Female,83.214.234.175
978,Larry,Ray,lrayr5@webnode.com,Male,138.215.57.211
979,Alice,Hughes,ahughesr6@admin.ch,Female,197.174.135.108
980,Paula,Clark,pclarkr7@ucla.edu,Female,83.192.133.226
981,Betty,Vasquez,bvasquezr8@baidu.com,Female,104.152.107.146
982,Adam,Sims,asimsr9@shinystat.com,Male,182.197.39.23
983,Shirley,Watkins,swatkinsra@sitemeter.com,Female,157.117.237.5
984,Terry,Taylor,ttaylorrb@vinaora.com,Male,180.191.208.210
985,Mary,Wood,mwoodrc@imageshack.us,Female,234.68.206.0
986,Charles,Harper,charperrd@godaddy.com,Male,22.96.100.48
987,Marilyn,Richards,mrichardsre@msu.edu,Female,92.247.157.149
988,Benjamin,Lee,bleerf@wikimedia.org,Male,215.71.204.213
989,Jeffrey,Martin,jmartinrg@infoseek.co.jp,Male,172.150.235.184
990,Mary,Jacobs,mjacobsrh@tamu.edu,Female,222.197.73.144
991,Robin,Cruz,rcruzri@xrea.com,Female,144.85.129.240
992,Ruth,Duncan,rduncanrj@soup.io,Female,125.110.182.76
993,Steven,Reid,sreidrk@twitter.com,Male,2.178.186.205
994,Ronald,Austin,raustinrl@blogspot.com,Male,249.196.230.220
995,Marilyn,Brooks,mbrooksrm@google.com.hk,Female,47.82.151.6
996,Sara,Cox,scoxrn@elegantthemes.com,Female,15.57.58.13
997,Kathryn,Hall,khallro@examiner.com,Female,80.165.124.55
998,Paula,Morales,pmoralesrp@paypal.com,Female,47.55.58.27
999,Frances,Lawrence,flawrencerq@quantcast.com,Female,3.170.38.11
1000,Beverly,Fowler,bfowlerrr@arstechnica.com,Female,90.67.84.205
